slug,name,client,location,status,services,featured,published,summary,description,images,specs,lat,lng,maps_url,map_kind,short_label,map_regions,portfolio,parent,related,sector_x,sector_y,sector_width,sector_height
alikodom-road-retaining-wall,Alikodom-Poamuhuri Road Retaining Wall,16 Engineering Construction Battalion,Alikodom,completed,road-construction|retaining-wall,no,yes,Retaining wall for road construction project.,Retaining wall construction supporting the Alikodom-Poamuhuri Road project for the 16 Engineering Construction Battalion.,/images/projects/alikodom-road-retaining-wall.svg,Type: Retaining Wall|Location: Alikodom,21.466317,92.440798,https://maps.app.goo.gl/AJA6fbDi8wrPu8Vg9,infrastructure,Alikodom Wall,,construction,,,,,,
ansar-training-shed,ANSAR Training Shed,Bangladesh ANSAR HQ,Bogura,completed,steel-structure|building-construction,no,yes,Training shed construction at Bogura.,"Construction of an ANSAR training shed at Bogura, supporting national training infrastructure.",/images/projects/ansar-training-shed.svg,Type: Institutional|Location: Bogura,24.8412854,89.3849691,https://maps.app.goo.gl/prXwA8Bqzv88THRW8,institutional,ANSAR Shed,,construction,,,,,,
ascb-futsal-ground,ASCB Futsal Ground,Army HQ MT Directorate,Dhaka Cantonment,completed,building-construction|sports-complex,yes,yes,Futsal ground construction at Dhaka Cantonment.,"Complete construction of a futsal ground facility for the Army HQ MT Directorate at Dhaka Cantonment, delivered with precision sports infrastructure standards.",/images/projects/ascb-futsal-ground-1.jpeg|/images/projects/ascb-futsal-ground-2.jpg|/images/projects/ascb-futsal-ground-3.jpg|/images/projects/ascb-futsal-ground-4.jpg|/images/projects/ascb-futsal-ground-5.jpg|/images/projects/ascb-futsal-ground-6.jpg|/images/projects/ascb-futsal-ground-7.jpg|/images/projects/ascb-futsal-ground-8.jpg,Type: Sports Facility|Location: Dhaka Cantonment|Client: Army HQ MT Directorate|Surface: Synthetic futsal turf,23.808251,90.404731,https://maps.app.goo.gl/jNTViFehG2f5mspP7,sports,ASCB Futsal,dhaka,construction,,,,,,
bisc-futsal,BISC Futsal Ground,BISC,Dhaka,ongoing,building-construction|sports-complex,yes,yes,Something,Important,,,23.7812168,90.394228,https://maps.app.goo.gl/WRo93Gb8TRu2ejBu9,sports,BISC Futsal,bangladesh|dhaka,construction,,,,,,
bodorkhali-retaining-wall,Bodorkhali Khal RCC Retaining Wall,34 Engineer Construction Brigade,Chattogram,completed,canal-works|retaining-wall,no,yes,RCC retaining wall at Bodorkhali Khal.,"Construction of an RCC retaining wall at Bodorkhali Khal, Chattogram — engineered for water management and structural stability.",/images/projects/bodorkhali-retaining-wall.svg,Type: Canal Reinforcement|Location: Chattogram,22.669228,91.57089,https://maps.app.goo.gl/9FY2UzhbTvbcnk2a8,canal,Bodorkhali Khal,chattogram,construction,,,,,,
bup-electrical-expansion,BUP Electrical Installation Expansion,Bangladesh University of Professionals,Mirpur Cantonment,completed,commercial-works|building-construction|renovation,no,yes,Electrical installation maintenance and expansion.,"Maintenance and expansion of electrical installations on the East and West Campuses at BUP, Mirpur Cantonment.",/images/projects/bup-electrical-expansion.svg,Type: Electrical|Location: Mirpur Cantonment,23.8398616,90.3576386,https://maps.app.goo.gl/WzBS2XZvMB7TqMNH6,institutional,BUP Electrical,mirpur-dohs|dhaka,construction,,,,,,
bup-interior-decoration,BUP Interior Work & Decoration,Bangladesh University of Professionals,Mirpur Cantonment,completed,interior-design,yes,yes,Interior fit-out and decoration at BUP campuses.,"Comprehensive interior work and decoration across BUP campuses, combining functional design with premium finishes.",/images/projects/bup-interior-decoration-1.jpg|/images/projects/bup-interior-decoration-2.jpg|/images/projects/bup-interior-decoration-3.jpg|/images/projects/bup-interior-decoration-4.jpg,Type: Interior|Location: Mirpur Cantonment,23.8389,90.3584,https://maps.app.goo.gl/WzBS2XZvMB7TqMNH6,institutional,BUP Interior,mirpur-dohs|dhaka,construction,,,,,,
cmtd-mt-shed,CMTD MT Steel Shed,Army HQ MT Directorate,Dhaka Cantonment,completed,building-construction|steel-structure,yes,yes,"One-storied steel shed at CMTD, Dhaka Cantonment.","Ongoing construction of a one-storied steel shed at CMTD, Dhaka Cantonment for the Army HQ MT Directorate.",/images/projects/cmtd-mt-shed-1.jpg|/images/projects/cmtd-mt-shed-2.jpg,,23.822293,90.406186,https://maps.app.goo.gl/4kPBCz4V3TWkM26k6,infrastructure,CMTD MT Shed,dhaka,construction,,,,,,
jessor-baf-futsal-ground,Jessor BAF Futsal Ground,Bangladesh Air Forces,Jessore,upcoming,sports-complex|design-architecture,yes,yes,This is the Futsal ground of BAF Officers' Mess,Officers' Mess in BAF base Jessor requested for a futsal ground in front of their Mess complex. And who better to do this job than the Dreamer's Den,/images/projects/whatsapp-image-2026-07-27-at-12-25-31-1-1785133883002.jpeg|/images/projects/whatsapp-image-2026-07-27-at-12-25-31-2-1785133883075.jpeg|/images/projects/whatsapp-image-2026-07-27-at-12-25-31-3-1785133883135.jpeg|/images/projects/whatsapp-image-2026-07-27-at-12-25-31-4-1785133883183.jpeg|/images/projects/whatsapp-image-2026-07-27-at-12-25-31-5-1785133883244.jpeg|/images/projects/whatsapp-image-2026-07-27-at-12-25-31-6-1785133883298.jpeg|/images/projects/whatsapp-image-2026-07-27-at-12-25-31-1785133883385.jpeg,,23.177446,89.156837,https://maps.app.goo.gl/QTnF3YsyY1p4KMW57,sports,BAF Futsal,bangladesh,construction,,,,,,
khondokia-steel-bridge,Khondokia Khal Steel Girder Bridge,34 Engineer Construction Brigade,Chattogram,completed,road-construction|bridge-construction,yes,yes,Steel girder bridge over Khondokia Khal.,Engineering and construction of a steel girder bridge spanning Khondokia Khal in Chattogram for the 34 Engineer Construction Brigade.,/images/projects/khondokia-steel-bridge-1.jpg|/images/projects/khondokia-steel-bridge-2.jpg,Type: Bridge|Location: Chattogram,22.411635,91.832706,https://maps.app.goo.gl/vomengr7mqR4hWiK9,bridge,Khondokia Bridge,chattogram,construction,,,,,,
mirza-khal-retaining-wall,Mirza Khal RCC Retaining Wall,34 Engineer Construction Brigade,Chattogram,completed,canal-works|retaining-wall,no,yes,RCC retaining wall at Mirza Khal.,"RCC retaining wall construction at Mirza Khal, Chattogram for flood control and infrastructure protection.",/images/projects/mirza-khal-retaining-wall.svg,Type: Canal Reinforcement|Location: Chattogram,22.3662435,91.8337001,https://maps.app.goo.gl/dtjnw67LNW3uErm86,canal,Mirza Khal,chattogram,construction,,,,,,
ncpsc-basketball-ground,NCPSC Basketball Ground,Nirjhor Cantonment Public School and College,Dhaka Cantonment,completed,building-construction|sports-complex,yes,yes,Basketball ground construction at Nirjhor Cantonment.,"Construction of a basketball ground for Nirjhor Cantonment Public School and College, supporting youth sports and community recreation.",/images/projects/ncpsc-basketball-ground-1.jpg|/images/projects/ncpsc-basketball-ground-2.jpg|/images/projects/ncpsc-basketball-ground-3.jpg|/images/projects/ncpsc-basketball-ground-4.jpg,Type: Sports Facility|Location: Dhaka Cantonment,23.8103502,90.3929671,https://maps.app.goo.gl/qxzhnuaSU16Mw5Jt8,sports,NCPSC Court,dhaka,construction,,,,,,
chattogram-pavement-road,Pavement Road Construction,34 Engineer Construction Brigade,Chattogram,completed,road-construction,no,yes,Pavement road works in Chattogram.,Pavement road construction delivering durable surface infrastructure for the 34 Engineer Construction Brigade.,/images/projects/chattogram-pavement-road-1.jpg|/images/projects/chattogram-pavement-road-2.jpg|/images/projects/chattogram-pavement-road-3.jpg,Type: Road|Location: Chattogram,22.331886,91.780245,https://maps.app.goo.gl/RerWnsjeL2Zgrvgd7,infrastructure,Pavement Road,chattogram,construction,,,,,,
pcpsc-main-gate,PCPSC Main Gate & Waiting Room,Padma Cantonment Public School and College,Jajira,completed,building-construction,yes,yes,Main gate and waiting room at Padma Cantonment.,Design and construction of the main gate and waiting room for Padma Cantonment Public School and College in Jajira.,/images/projects/pcpsc-main-gate-1.jpg|/images/projects/pcpsc-main-gate-2.jpg,Type: Institutional|Location: Jajira,23.409089,90.258931,https://maps.app.goo.gl/H2xQ6oKaVjsjF8hR7,institutional,PCPSC Gate,,construction,,,,,,
prison-hq-extension,Prison HQ Vertical Extension,Bangladesh Prison HQ,Dhaka,completed,commercial-works|building-construction|renovation,yes,yes,Vertical structure extension at Prison HQ.,"Construction of a vertical structure extension at Bangladesh Prison HQ, Dhaka — expanding institutional capacity with engineered precision.",/images/projects/prison-hq-extension-1.jpg|/images/projects/prison-hq-extension-2.jpg|/images/projects/prison-hq-extension-3.jpg|/images/projects/prison-hq-extension-4.jpg|/images/projects/prison-hq-extension-5.jpg|/images/projects/prison-hq-extension-6.jpg,Type: Building Extension|Status: Completed,23.7203968,90.3950819,https://maps.app.goo.gl/yViKqFmSQNUtRvPJA,institutional,Prison HQ,dhaka,construction,,,,,,
rab-hq-interior,RAB HQ Interior Work,RAB HQ,Dhaka,completed,interior-design,no,yes,Interior works at RAB Headquarters.,"Interior fit-out and finishing works at RAB Headquarters, delivered to institutional standards.",/images/projects/rab-hq-interior.svg,Type: Interior|Location: Dhaka,23.8573048,90.3991771,https://maps.app.goo.gl/r4WSzNRMU1CMqPBG9,institutional,RAB HQ,dhaka,construction,,,,,,
chattogram-u-channel,U-Channel Construction,34 Engineer Construction Brigade,Chattogram,completed,canal-works|u-channel,no,yes,U-channel drainage infrastructure in Chattogram.,Construction of U-channel drainage systems supporting urban infrastructure in Chattogram.,/images/projects/chattogram-u-channel-1.jpg|/images/projects/chattogram-u-channel-2.jpg|/images/projects/chattogram-u-channel-3.jpg|/images/projects/chattogram-u-channel-4.jpg|/images/projects/chattogram-u-channel-5.jpg|/images/projects/chattogram-u-channel-6.jpg,Type: Drainage|Location: Chattogram,22.345733,91.841417,https://maps.app.goo.gl/x5kenbG9pWQ6wXQn8,canal,U-Channel,chattogram,construction,,,,,,
